id,post_id,author_id,author_name,body,created_at
cm01,po01,u001,Ananya Rao,Didn't know about the gum health part — very useful!,2026-10-02T15:55:46.237Z
cm02,po01,u101,Rohit K.,How long does the aligner treatment usually take?,2026-10-02T16:55:46.237Z
cm03,po01,u104,Dr. Sana Qureshi,@Rohit usually 6–18 months depending on the case.,2026-10-02T17:55:46.237Z
cm04,po02,u102,Shreya M.,The desensitising toothpaste really worked for me.,2026-10-02T01:55:46.237Z
cm05,po02,u001,Ananya Rao,Mine turned out to be a small cavity. Glad I got it checked.,2026-10-02T03:55:46.237Z
cm06,po03,u103,Imran A.,Does insurance usually cover implants?,2026-10-01T17:55:46.237Z
cm07,po03,u002,Dr. Arjun Mehta,Coverage varies a lot — check whether your plan includes 'prosthetic' dental benefits.,2026-10-01T18:55:46.237Z
cm08,po04,u105,Lavanya S.,Started flossing daily and the bleeding stopped in a week!,2026-10-01T03:55:46.237Z
cm09,po05,u106,Gautam P.,'Tooth tickler' — I'm stealing that.,2026-09-30T12:55:46.237Z
