id,user_id,slug,name,gender,specialty,qualification,experience,clinic_id,city,bio,rating,review_count,verified,consultation_fee,profile_image,followers,languages_json,education_json,services_json
d001,u002,dr-arjun-mehta,Dr. Arjun Mehta,male,Prosthodontics,"BDS, MDS (Prosthodontics & Crown and Bridge)",12,c001,Bengaluru,Prosthodontist focused on implant-supported restorations and digital smile design. Believes every patient deserves to understand their options before treatment starts.,4.9,75,true,800,,21771,"[""English"",""Hindi"",""Kannada""]","[""BDS — Government Dental College, Hyderabad"",""MDS — Government Dental College, Hyderabad""]","[""Dental implants"",""Crowns & bridges"",""Complete dentures"",""Full-mouth rehabilitation""]"
d002,u101,dr-neha-kulkarni,Dr. Neha Kulkarni,female,Conservative Dentistry & Endodontics,"BDS, MDS (Conservative Dentistry & Endodontics)",9,c001,Bengaluru,"Endodontist with a microscope-first approach to saving natural teeth. Calm, unhurried root canals are her speciality.",4.8,189,true,700,,16208,"[""English"",""Marathi"",""Hindi""]","[""BDS — Government Dental College, Hyderabad"",""MDS — Saveetha Dental College, Chennai""]","[""Root canal treatment"",""Tooth-coloured fillings"",""Tooth sensitivity"",""Re-treatment""]"
d003,u102,dr-rohan-iyer,Dr. Rohan Iyer,male,Periodontics,"BDS, MDS (Periodontology)",7,c001,Bengaluru,Periodontist helping patients keep healthy gums for life — and making deep cleanings far less dreaded.,4.7,67,true,650,,4165,"[""English"",""Tamil"",""Kannada""]","[""BDS — Government Dental College, Hyderabad"",""MDS — Government Dental College, Hyderabad""]","[""Bleeding gums"",""Deep cleaning"",""Gum surgery"",""Implant maintenance""]"
d004,u103,dr-sana-qureshi,Dr. Sana Qureshi,female,Orthodontics,"BDS, MDS (Orthodontics & Dentofacial Orthopaedics)",10,c002,Bengaluru,Orthodontist specialising in clear aligners for adults and early interceptive treatment for children.,4.9,306,true,900,,14012,"[""English"",""Hindi"",""Urdu""]","[""BDS — Manipal College of Dental Sciences"",""MDS — Saveetha Dental College, Chennai""]","[""Braces"",""Clear aligners"",""Retainers"",""Adult orthodontics""]"
d005,u104,dr-vikram-reddy,Dr. Vikram Reddy,male,Oral Surgery,"BDS, MDS (Oral & Maxillofacial Surgery)",15,c002,Bengaluru,Oral & maxillofacial surgeon with fifteen years of experience in complex extractions and implant site development.,4.8,117,true,1000,,23434,"[""English"",""Telugu"",""Kannada""]","[""BDS — Maulana Azad Institute of Dental Sciences, Delhi"",""MDS — Government Dental College, Bengaluru""]","[""Wisdom tooth removal"",""Bone grafting"",""Jaw surgery"",""Facial trauma""]"
d006,u105,dr-meera-pillai,Dr. Meera Pillai,female,Pediatric Dentistry,"BDS, MDS (Paediatric & Preventive Dentistry)",8,c007,Bengaluru,Paediatric dentist who turns check-ups into adventures. Special interest in children with special healthcare needs.,4.9,288,true,600,,12006,"[""English"",""Malayalam"",""Kannada""]","[""BDS — Government Dental College, Bengaluru"",""MDS — Government Dental College, Bengaluru""]","[""First dental visit"",""Sealants"",""Fluoride care"",""Kids' fillings""]"
d007,u106,dr-karthik-rao,Dr. Karthik Rao,male,Orthodontics,"BDS, MDS (Orthodontics & Dentofacial Orthopaedics)",11,c003,Hyderabad,"Orthodontist and aligner educator focused on predictable, efficient tooth movement.",4.8,201,true,850,,20719,"[""English"",""Telugu"",""Hindi""]","[""BDS — Government Dental College, Hyderabad"",""MDS — Maulana Azad Institute of Dental Sciences, Delhi""]","[""Braces"",""Clear aligners"",""Jaw growth modification""]"
d008,u107,dr-lakshmi-varma,Dr. Lakshmi Varma,female,Conservative Dentistry & Endodontics,"BDS, MDS (Conservative Dentistry & Endodontics)",6,c003,Hyderabad,"Restorative dentist who loves minimally invasive, natural-looking repairs.",4.6,154,true,600,,14855,"[""English"",""Telugu""]","[""BDS — Maulana Azad Institute of Dental Sciences, Delhi"",""MDS — Maulana Azad Institute of Dental Sciences, Delhi""]","[""Root canal treatment"",""Inlays & onlays"",""Cosmetic bonding""]"
d009,u108,dr-farhan-shaikh,Dr. Farhan Shaikh,male,Prosthodontics,"BDS, MDS (Prosthodontics & Crown and Bridge)",14,c004,Mumbai,Prosthodontist known for full-mouth rehabilitation and natural-looking veneers.,4.7,255,true,950,,24566,"[""English"",""Hindi"",""Marathi""]","[""BDS — Nair Hospital Dental College, Mumbai"",""MDS — Government Dental College, Bengaluru""]","[""Veneers"",""Implants"",""Smile makeovers"",""Dentures""]"
d010,u109,dr-isha-desai,Dr. Isha Desai,female,Periodontics,"BDS, MDS (Periodontology)",9,c004,Mumbai,Periodontist and passionate patient educator on the link between gum health and overall health.,4.8,97,true,700,,11537,"[""English"",""Gujarati"",""Hindi""]","[""BDS — Government Dental College, Bengaluru"",""MDS — Maulana Azad Institute of Dental Sciences, Delhi""]","[""Gum treatment"",""Laser gum therapy"",""Gum grafts""]"
d011,u110,dr-arvind-subramanian,Dr. Arvind Subramanian,male,Oral Medicine,"BDS, MDS (Oral Medicine & Radiology)",18,c005,Chennai,Oral medicine specialist focused on early diagnosis of oral lesions and medically complex patients.,4.7,218,true,800,,20111,"[""English"",""Tamil""]","[""BDS — Nair Hospital Dental College, Mumbai"",""MDS — Manipal College of Dental Sciences""]","[""Mouth ulcers"",""Oral lesions"",""Burning mouth"",""Oral cancer screening""]"
d012,u111,dr-divya-krishnan,Dr. Divya Krishnan,female,Conservative Dentistry & Endodontics,"BDS, MDS (Conservative Dentistry & Endodontics)",5,c005,Chennai,"Young endodontist with a gentle touch and a love of conservative, tooth-saving care.",4.5,121,false,550,,1258,"[""English"",""Tamil"",""Malayalam""]","[""BDS — Manipal College of Dental Sciences"",""MDS — Nair Hospital Dental College, Mumbai""]","[""Fillings"",""Root canal treatment"",""Whitening""]"
d013,u112,dr-aditya-malhotra,Dr. Aditya Malhotra,male,Oral Surgery,"BDS, MDS (Oral & Maxillofacial Surgery)",12,c006,Delhi,Maxillofacial surgeon with a focus on day-care oral surgery and fast recovery.,4.8,304,true,1100,,23741,"[""English"",""Hindi"",""Punjabi""]","[""BDS — Manipal College of Dental Sciences"",""MDS — Government Dental College, Hyderabad""]","[""Wisdom tooth removal"",""Implants"",""Jaw fractures""]"
d014,u113,dr-ritu-bansal,Dr. Ritu Bansal,female,Pediatric Dentistry,"BDS, MDS (Paediatric & Preventive Dentistry)",10,c006,Delhi,Paediatric dentist helping children build lifelong habits — without fear.,4.9,214,true,650,,8880,"[""English"",""Hindi""]","[""BDS — Manipal College of Dental Sciences"",""MDS — Government Dental College, Bengaluru""]","[""Kids' dentistry"",""Habit breaking"",""Space maintainers""]"
