id,title,authors,year,journal,citation,doi,pubmed_id,abstract,specialty,topic,keywords_json,evidence_type,verified
pp01,Osseointegrated implants in the treatment of the edentulous jaw. Experience from a 10-year period,"Brånemark PI, Hansson BO, Adell R, et al",1977,Scand J Plast Reconstr Surg Suppl,"Brånemark PI, Hansson BO, Adell R, et al. Osseointegrated implants in the treatment of the edentulous jaw. Experience from a 10-year period. Scand J Plast Reconstr Surg Suppl. 1977;16:1-132.",,,"Reports a decade of clinical experience with titanium implants anchored directly in bone in edentulous jaws, establishing the clinical concept of osseointegration.",Prosthodontics,Implant osseointegration,"[""osseointegration"",""implant"",""edentulous""]",Landmark clinical study,false
pp02,"Osseointegrated titanium implants. Requirements for ensuring a long-lasting, direct bone-to-implant anchorage in man","Albrektsson T, Brånemark PI, Hansson HA, Lindström J",1981,Acta Orthop Scand,"Albrektsson T, Brånemark PI, Hansson HA, Lindström J. Osseointegrated titanium implants. Requirements for ensuring a long-lasting, direct bone-to-implant anchorage in man. Acta Orthop Scand. 1981;52(2):155-70.",,,"Sets out the factors governing osseointegration — implant material, design, surface, bone status, surgical technique and loading conditions.",Prosthodontics,Implant osseointegration,"[""osseointegration"",""implant"",""titanium""]",Landmark review,false
pp03,Reduction of residual ridges: a major oral disease entity,Atwood DA,1971,J Prosthet Dent,Atwood DA. Reduction of residual ridges: a major oral disease entity. J Prosthet Dent. 1971;26(3):266-79.,,,"Describes residual ridge resorption as a chronic, progressive, irreversible and cumulative disease and classifies its anatomic, metabolic, functional and prosthetic factors.",Prosthodontics,Residual ridge resorption,"[""residual ridge"",""resorption"",""edentulous"",""denture""]",Landmark review,false
pp04,The continuing reduction of the residual alveolar ridges in complete denture wearers: a mixed-longitudinal study covering 25 years,Tallgren A,1972,J Prosthet Dent,Tallgren A. The continuing reduction of the residual alveolar ridges in complete denture wearers: a mixed-longitudinal study covering 25 years. J Prosthet Dent. 1972;27(2):120-32.,,,"Follows complete denture wearers over 25 years, showing continuing ridge reduction that is markedly greater in the mandible than the maxilla.",Prosthodontics,Residual ridge resorption,"[""residual ridge"",""resorption"",""denture"",""longitudinal""]",Longitudinal clinical study,false
pp05,Bone healing and soft tissue contour changes following single-tooth extraction: a clinical and radiographic 12-month prospective study,"Schropp L, Wenzel A, Kostopoulos L, Karring T",2003,Int J Periodontics Restorative Dent,"Schropp L, Wenzel A, Kostopoulos L, Karring T. Bone healing and soft tissue contour changes following single-tooth extraction: a clinical and radiographic 12-month prospective study. Int J Periodontics Restorative Dent. 2003;23(4):313-23.",,,Measures alveolar ridge width and socket bone fill after single-tooth extraction over 12 months; most dimensional change occurred in the first three months.,Periodontics,Extraction socket healing,"[""extraction"",""ridge"",""socket"",""healing""]",Prospective clinical study,false
pp06,Dimensional ridge alterations following tooth extraction. An experimental study in the dog,"Araújo MG, Lindhe J",2005,J Clin Periodontol,"Araújo MG, Lindhe J. Dimensional ridge alterations following tooth extraction. An experimental study in the dog. J Clin Periodontol. 2005;32(2):212-8.",10.1111/j.1600-051X.2005.00642.x,,"Shows that bundle bone is resorbed after extraction, with greater vertical loss of the thin buccal wall than the lingual wall.",Periodontics,Extraction socket healing,"[""extraction"",""bundle bone"",""ridge"",""socket""]",Experimental animal study,false
pp07,"Bone ""mass"" and the ""mechanostat"": a proposal",Frost HM,1987,Anat Rec,"Frost HM. Bone ""mass"" and the ""mechanostat"": a proposal. Anat Rec. 1987;219(1):1-9.",,,Proposes that bone mass is regulated by mechanical strain thresholds that switch between modeling and disuse-mode remodeling.,Prosthodontics,Bone biology,"[""mechanostat"",""bone remodeling"",""mechanical loading""]",Theoretical / landmark,false
pp08,Osteoprotegerin ligand is a cytokine that regulates osteoclast differentiation and activation,"Lacey DL, Timms E, Tan HL, et al",1998,Cell,"Lacey DL, Timms E, Tan HL, et al. Osteoprotegerin ligand is a cytokine that regulates osteoclast differentiation and activation. Cell. 1998;93(2):165-76.",,,Identifies the ligand for osteoprotegerin (RANKL) as the key cytokine driving osteoclast differentiation and activation.,Oral Pathology,Bone remodeling,"[""rankl"",""osteoclast"",""bone remodeling""]",Basic science,false
pp09,Osteoprotegerin: a novel secreted protein involved in the regulation of bone density,"Simonet WS, Lacey DL, Dunstan CR, et al",1997,Cell,"Simonet WS, Lacey DL, Dunstan CR, et al. Osteoprotegerin: a novel secreted protein involved in the regulation of bone density. Cell. 1997;89(2):309-19.",,,"Describes osteoprotegerin, a secreted decoy receptor that inhibits osteoclastogenesis and increases bone density in animal models.",Oral Pathology,Bone remodeling,"[""osteoprotegerin"",""rankl"",""bone density""]",Basic science,false
pp10,Cloning and characterization of an extracellular Ca2+-sensing receptor from bovine parathyroid,"Brown EM, Gamba G, Riccardi D, et al",1993,Nature,"Brown EM, Gamba G, Riccardi D, et al. Cloning and characterization of an extracellular Ca2+-sensing receptor from bovine parathyroid. Nature. 1993;366(6455):575-80.",10.1038/366575a0,,Clones the G-protein–coupled calcium-sensing receptor that lets parathyroid cells detect extracellular calcium and regulate PTH secretion.,Oral Medicine,Calcium homeostasis,"[""calcium-sensing receptor"",""parathyroid"",""calcium""]",Basic science,false
pp11,Vitamin D deficiency,Holick MF,2007,N Engl J Med,Holick MF. Vitamin D deficiency. N Engl J Med. 2007;357(3):266-81.,10.1056/NEJMra070553,,"Reviews vitamin D sources, metabolism and the skeletal and extra-skeletal consequences of deficiency, with guidance on assessment and treatment.",Oral Medicine,Vitamin D,"[""vitamin d"",""calcium"",""bone""]",Narrative review,false
pp12,FGF-23 is a potent regulator of vitamin D metabolism and phosphate homeostasis,"Shimada T, Hasegawa H, Yamazaki Y, et al",2004,J Bone Miner Res,"Shimada T, Hasegawa H, Yamazaki Y, et al. FGF-23 is a potent regulator of vitamin D metabolism and phosphate homeostasis. J Bone Miner Res. 2004;19(3):429-35.",,,"Demonstrates that FGF23 reduces serum phosphate and suppresses renal 1α-hydroxylase, linking phosphate regulation to vitamin D metabolism.",Oral Medicine,Phosphate homeostasis,"[""fgf23"",""phosphate"",""vitamin d""]",Experimental study,false
pp13,Pamidronate (Aredia) and zoledronate (Zometa) induced avascular necrosis of the jaws: a growing epidemic,Marx RE,2003,J Oral Maxillofac Surg,Marx RE. Pamidronate (Aredia) and zoledronate (Zometa) induced avascular necrosis of the jaws: a growing epidemic. J Oral Maxillofac Surg. 2003;61(9):1115-7.,,,"Early report of exposed necrotic jaw bone in patients receiving intravenous bisphosphonates, alerting clinicians to a new complication.",Oral Surgery,MRONJ,"[""osteonecrosis"",""bisphosphonate"",""mronj""]",Case series / letter,false
pp14,American Association of Oral and Maxillofacial Surgeons position paper on medication-related osteonecrosis of the jaw — 2014 update,"Ruggiero SL, Dodson TB, Fantasia J, et al",2014,J Oral Maxillofac Surg,"Ruggiero SL, Dodson TB, Fantasia J, et al. American Association of Oral and Maxillofacial Surgeons position paper on medication-related osteonecrosis of the jaw — 2014 update. J Oral Maxillofac Surg. 2014;72(10):1938-56.",,,"Updates terminology to medication-related osteonecrosis of the jaw, with staging, risk estimates and management strategies for patients on antiresorptive and antiangiogenic drugs.",Oral Surgery,MRONJ,"[""mronj"",""osteonecrosis"",""antiresorptive"",""denosumab""]",Position paper,false
pp15,Understanding peri-implant endosseous healing,Davies JE,2003,J Dent Educ,Davies JE. Understanding peri-implant endosseous healing. J Dent Educ. 2003;67(8):932-49.,,,"Explains peri-implant healing as osteoconduction, de novo bone formation and remodeling, and contrasts contact and distance osteogenesis.",Prosthodontics,Implant osseointegration,"[""peri-implant"",""osseointegration"",""healing"",""osteoconduction""]",Narrative review,false
pp16,Bioceramics: from concept to clinic,Hench LL,1991,J Am Ceram Soc,Hench LL. Bioceramics: from concept to clinic. J Am Ceram Soc. 1991;74(7):1487-510.,,,"Classifies bioceramics as nearly inert, porous, bioactive and resorbable, and reviews their clinical applications including calcium-phosphate materials.",Prosthodontics,Biomaterials,"[""bioceramics"",""hydroxyapatite"",""calcium phosphate"",""bioactive glass""]",Narrative review,false
pp17,Staging and grading of periodontitis: framework and proposal of a new classification and case definition,"Tonetti MS, Greenwell H, Kornman KS",2018,J Periodontol,"Tonetti MS, Greenwell H, Kornman KS. Staging and grading of periodontitis: framework and proposal of a new classification and case definition. J Periodontol. 2018;89 Suppl 1:S159-72.",10.1002/JPER.18-0006,,Introduces the stage-and-grade framework for periodontitis from the 2017 World Workshop.,Periodontics,Periodontal classification,"[""periodontitis"",""classification"",""staging""]",Consensus report,false
pp18,Experimental gingivitis in man,"Löe H, Theilade E, Jensen SB",1965,J Periodontol,"Löe H, Theilade E, Jensen SB. Experimental gingivitis in man. J Periodontol. 1965;36:177-87.",,,"Shows that withdrawing oral hygiene leads to plaque accumulation and gingivitis, which resolves when hygiene is restored.",Periodontics,Gingivitis,"[""gingivitis"",""plaque"",""inflammation""]",Landmark clinical study,false
pp19,The effects of surgical exposures of dental pulps in germ-free and conventional laboratory rats,"Kakehashi S, Stanley HR, Fitzgerald RJ",1965,Oral Surg Oral Med Oral Pathol,"Kakehashi S, Stanley HR, Fitzgerald RJ. The effects of surgical exposures of dental pulps in germ-free and conventional laboratory rats. Oral Surg Oral Med Oral Pathol. 1965;20:340-9.",,,Demonstrates that bacteria are required for pulpal and periapical pathology after pulp exposure.,Conservative Dentistry & Endodontics,Pulp biology,"[""pulp"",""bacteria"",""endodontic""]",Experimental animal study,false
pp20,Classification of malocclusion,Angle EH,1899,Dental Cosmos,Angle EH. Classification of malocclusion. Dental Cosmos. 1899;41:248-64.,,,Introduces the molar-relationship classification of malocclusion still used in orthodontics today.,Orthodontics,Malocclusion,"[""malocclusion"",""classification"",""occlusion""]",Landmark,false
