id,patient_id,dentist_id,treatment,tooth,status,start_date,completion_date,cost,notes,warranty_months,steps_json,clinic_id
t001,p001,d002,Composite restoration,26,completed,2026-09-03,2026-09-03,3500,"Class II composite, sensitivity resolved at review.",12,"[{""label"":""Consultation"",""status"":""done"",""date"":""2026-09-03""},{""label"":""X-ray"",""status"":""done"",""date"":""2026-09-03""},{""label"":""Restoration"",""status"":""done"",""date"":""2026-09-03""},{""label"":""Review"",""status"":""done"",""date"":""2026-09-17""}]",c001
t002,p001,d001,Implant — lower left first molar,36,planned,2026-10-08,,45000,Missing 36 since 2023. CBCT planned at consultation.,60,"[{""label"":""Consultation"",""status"":""pending"",""date"":""""},{""label"":""CBCT scan"",""status"":""pending"",""date"":""""},{""label"":""Implant placement"",""status"":""pending"",""date"":""""},{""label"":""Crown"",""status"":""pending"",""date"":""""}]",c001
t003,p001,d003,Scaling & polishing,Full mouth,completed,2026-06-05,2026-06-05,1500,Mild gingivitis; oral hygiene instructions given.,0,"[{""label"":""Examination"",""status"":""done"",""date"":""2026-06-05""},{""label"":""Scaling"",""status"":""done"",""date"":""2026-06-05""}]",c001
t004,p002,d002,Root canal treatment,36,in_progress,2026-09-27,,8500,Irreversible pulpitis. Access + BMP done.,24,"[{""label"":""Consultation"",""status"":""done"",""date"":""2026-09-25""},{""label"":""X-ray"",""status"":""done"",""date"":""2026-09-25""},{""label"":""Root canal"",""status"":""current"",""date"":""2026-09-27""},{""label"":""Crown"",""status"":""pending"",""date"":""""}]",c001
t005,p003,d003,Scaling & root planing,Full mouth,in_progress,2026-09-21,,6000,Stage II periodontitis. Quadrants 1–2 complete.,0,"[{""label"":""Charting"",""status"":""done"",""date"":""2026-09-19""},{""label"":""Quadrants 1–2"",""status"":""done"",""date"":""2026-09-21""},{""label"":""Quadrants 3–4"",""status"":""current"",""date"":""2026-10-03""},{""label"":""Re-evaluation"",""status"":""pending"",""date"":""""}]",c001
t006,p004,d003,Professional cleaning,Full mouth,completed,2026-09-28,2026-09-28,1500,HbA1c reviewed with patient.,0,"[{""label"":""Examination"",""status"":""done"",""date"":""2026-09-28""},{""label"":""Cleaning"",""status"":""done"",""date"":""2026-09-28""}]",c001
t007,p005,d001,Complete dentures,Upper & lower,in_progress,2026-09-12,,28000,Severely resorbed mandibular ridge. On bisphosphonates — no surgical option planned.,12,"[{""label"":""Primary impression"",""status"":""done"",""date"":""2026-09-12""},{""label"":""Final impression"",""status"":""done"",""date"":""2026-09-19""},{""label"":""Jaw relation"",""status"":""current"",""date"":""2026-10-01""},{""label"":""Try-in"",""status"":""pending"",""date"":""""},{""label"":""Insertion"",""status"":""pending"",""date"":""""}]",c001
t008,p006,d001,Zirconia crown,46,completed,2026-08-24,2026-08-31,12000,Post-RCT crown.,60,"[{""label"":""Preparation"",""status"":""done"",""date"":""2026-08-24""},{""label"":""Digital scan"",""status"":""done"",""date"":""2026-08-24""},{""label"":""Cementation"",""status"":""done"",""date"":""2026-08-31""}]",c001
t009,p007,d002,Teeth whitening,Upper & lower,completed,2026-09-15,2026-09-15,9000,"In-office whitening, 2 shades lighter.",0,"[{""label"":""Shade record"",""status"":""done"",""date"":""2026-09-15""},{""label"":""Whitening"",""status"":""done"",""date"":""2026-09-15""}]",c001
t010,p008,d001,Implant,46,in_progress,2026-07-20,,42000,Good primary stability (35 Ncm). Osseointegration phase.,60,"[{""label"":""Implant placement"",""status"":""done"",""date"":""2026-07-20""},{""label"":""Osseointegration"",""status"":""current"",""date"":""2026-07-20""},{""label"":""Abutment"",""status"":""pending"",""date"":""""},{""label"":""Crown"",""status"":""pending"",""date"":""""}]",c001
t011,p009,d003,Flap surgery,Upper anterior,planned,2026-10-12,,18000,Persistent 6 mm pockets after SRP.,0,"[{""label"":""Re-evaluation"",""status"":""done"",""date"":""2026-09-30""},{""label"":""Surgery"",""status"":""pending"",""date"":""""},{""label"":""Suture removal"",""status"":""pending"",""date"":""""}]",c001
t012,p010,d002,Pit & fissure sealants,"16, 26, 36, 46",completed,2026-09-08,2026-09-08,2400,Excellent cooperation.,12,"[{""label"":""Examination"",""status"":""done"",""date"":""2026-09-08""},{""label"":""Sealants"",""status"":""done"",""date"":""2026-09-08""}]",c001
t013,p011,d002,Root canal + crown,11,in_progress,2026-09-24,,16000,"Trauma history. RCT complete, crown pending.",24,"[{""label"":""Root canal"",""status"":""done"",""date"":""2026-09-24""},{""label"":""Post & core"",""status"":""current"",""date"":""2026-10-02""},{""label"":""Crown"",""status"":""pending"",""date"":""""}]",c001
t014,p012,d002,Extraction,38,completed,2026-09-30,2026-09-30,2500,Uneventful. Post-op instructions given.,0,"[{""label"":""Assessment"",""status"":""done"",""date"":""2026-09-30""},{""label"":""Extraction"",""status"":""done"",""date"":""2026-09-30""}]",c001
