id,project_id,slide_id,question,difficulty,answer,topic,concepts_json
ap001-s003-v,ap001,ap001-s003,Define why calcium matters to the prosthodontist and explain its significance.,basic,"About 99% of body calcium is stored in bone and teeth as hydroxyapatite. Alveolar bone is the foundation for complete dentures, implants and fixed prostheses. Systemic calcium balance influences ridge preservation and osseointegration.",Why calcium matters to the prosthodontist,"[""About 99% of body calcium"",""Alveolar bone"",""Systemic calcium balance influences ridge preservation""]"
ap001-s009-v,ap001,ap001-s009,What is the clinical relevance of total body calcium in Prosthodontics?,basic,"An adult body contains roughly 1–1.2 kg of calcium. About 99% is in the skeleton and teeth; about 1% in extracellular fluid and soft tissues. Intracellular free calcium is ~10,000× lower than extracellular — a key signalling gradient.",Total body calcium,"[""An adult body contains roughly 1–1.2"",""About 99%"",""Intracellular free calcium""]"
ap001-s013-v,ap001,ap001-s013,Explain the mechanism behind basic calcium physiology and distribution.,basic,1. Total body calcium. 2. Physiological roles of calcium. 3. Daily calcium balance.,Basic calcium physiology and distribution: concept map,"[""1. Total body calcium"",""2. Physiological roles of calcium"",""3. Daily calcium balance""]"
ap001-s018-v,ap001,ap001-s018,What is the clinical relevance of effect of ph on ionized calcium in Prosthodontics?,basic,Alkalosis increases protein binding and lowers ionized calcium. Hyperventilation in an anxious dental patient can cause perioral tingling and carpopedal spasm. Acidosis has the opposite effect.,Effect of pH on ionized calcium,"[""Alkalosis increases protein binding and lowers"",""Hyperventilation in an anxious dental patient"",""Acidosis has the opposite effect""]"
ap001-s023-v,ap001,ap001-s023,What is the clinical relevance of intestinal absorption in Prosthodontics?,basic,"Active transcellular transport in the duodenum via TRPV6, calbindin and PMCA1b is vitamin D dependent. Passive paracellular absorption predominates when intake is high. Phytates and oxalates reduce absorption. Absorption efficiency declines with age.",Intestinal absorption,"[""Active transcellular transport in the duodenum"",""Passive paracellular absorption predominates when intake"",""Phytates and oxalates reduce absorption"",""Absorption efficiency declines with age""]"
ap001-s028-v,ap001,ap001-s028,Explain the mechanism behind parathyroid hormone regulation.,basic,Secreted within minutes of a fall in ionized calcium sensed by the CaSR. Increases bone resorption indirectly via osteoblast RANKL expression. Increases distal tubular calcium reabsorption and renal 1α-hydroxylase activity. Intermittent PTH is anabolic; continuous excess is catabolic.,Parathyroid hormone regulation,"[""Secreted within minutes of a fall"",""Increases bone resorption indirectly via osteoblast"",""Increases distal tubular calcium reabsorption and"",""Intermittent PTH""]"
ap001-s032-v,ap001,ap001-s032,Explain the mechanism behind calcium-sensing receptor (casr).,basic,G-protein–coupled receptor on parathyroid chief cells and renal tubule. Sets the PTH–calcium set point. Target of calcimimetic drugs such as cinacalcet.,Calcium-sensing receptor (CaSR),"[""G-protein–coupled receptor on parathyroid chief cells"",""Sets the PTH–calcium set point"",""Target of calcimimetic drugs such as""]"
ap001-s036-v,ap001,ap001-s036,"What is the clinical relevance of pth, vitamin d, calcitonin, fgf23 and the calcium-sensing receptor in Prosthodontics?",intermediate,Can you explain parathyroid hormone regulation without notes?. Can you explain vitamin d axis without notes?. Can you explain calcitonin without notes?.,"PTH, vitamin D, calcitonin, FGF23 and the calcium-sensing receptor: self-check","[""Can you explain parathyroid hormone regulation"",""Can you explain vitamin d axis"",""Can you explain calcitonin without notes?""]"
ap001-s041-v,ap001,ap001-s041,Explain the mechanism behind calcium–phosphate relationship.,intermediate,1. Reciprocal regulation of calcium and phosphate. 2. Hydroxyapatite chemistry.,Calcium–phosphate relationship: concept map,"[""1. Reciprocal regulation of calcium and"",""2. Hydroxyapatite chemistry""]"
ap001-s046-v,ap001,ap001-s046,What is the clinical relevance of bone cells and bone remodeling in Prosthodontics?,intermediate,Remodeling biology determines how the edentulous ridge and peri-implant bone respond to load.. Ask: how does bone cells alter complete dentures?. Ask: how does remodeling cycle alter complete dentures?.,Bone cells and bone remodeling: clinical correlation with complete dentures,"[""Remodeling biology determines how the edentulous"",""Ask"",""Ask""]"
ap001-s051-v,ap001,ap001-s051,What is the clinical relevance of therapeutic targeting of resorption in Prosthodontics?,intermediate,Denosumab is a monoclonal antibody against RANKL. Bisphosphonates inhibit osteoclast function. Both carry a risk of medication-related osteonecrosis of the jaw (MRONJ).,Therapeutic targeting of resorption,"[""Denosumab"",""Bisphosphonates inhibit osteoclast function"",""Both carry a risk of medication-related""]"
ap001-s056-v,ap001,ap001-s056,Compare and contrast the key aspects of hypercalcemia.,intermediate,"Primary hyperparathyroidism and malignancy account for most cases. Classic features: 'bones, stones, groans and psychic moans'. Hyperparathyroidism may show brown tumours and loss of lamina dura.",Hypercalcemia,"[""Primary hyperparathyroidism and malignancy account for"",""Classic features"",""Hyperparathyroidism may show brown tumours and""]"
ap001-s061-v,ap001,ap001-s061,Compare and contrast the key aspects of osteoporosis.,intermediate,Low bone mass with microarchitectural deterioration. Diagnosed by DXA with a T-score of −2.5 or lower. Estrogen deficiency after menopause increases RANKL-driven resorption.,Osteoporosis,"[""Low bone mass with microarchitectural deterioration"",""Diagnosed by DXA with a T-score"",""Estrogen deficiency after menopause increases RANKL-driven""]"
ap001-s065-v,ap001,ap001-s065,Explain the mechanism behind osteoporosis and systemic factors affecting bone.,advanced,1. Osteoporosis. 2. Jaw bone in osteoporosis. 3. Systemic modifiers of bone.,Osteoporosis and systemic factors affecting bone: concept map,"[""1. Osteoporosis"",""2. Jaw bone in osteoporosis"",""3. Systemic modifiers of bone""]"
ap001-s070-v,ap001,ap001-s070,How would you apply prosthodontic management of the resorbing ridge when managing a Prosthodontics patient?,advanced,Socket and ridge preservation at extraction. Implant-retained overdentures help preserve the anterior mandible. Regular relining and occlusal review.,Prosthodontic management of the resorbing ridge,"[""Socket and ridge preservation at extraction"",""Implant-retained overdentures help preserve the anterior"",""Regular relining and occlusal review""]"
ap001-s075-v,ap001,ap001-s075,What is the clinical relevance of osseointegration in Prosthodontics?,advanced,Direct structural and functional connection between bone and the implant surface (Brånemark). Primary stability is mechanical; secondary stability is biological. A stability dip occurs at around weeks 2–4 as resorption precedes new bone formation.,Osseointegration,"[""Direct structural and functional connection between"",""Primary stability"",""A stability dip occurs at around""]"
ap001-s079-v,ap001,ap001-s079,Explain the mechanism behind implant osseointegration and bone healing.,advanced,1. Osseointegration. 2. Peri-implant endosseous healing. 3. Metabolic factors in osseointegration.,Implant osseointegration and bone healing: concept map,"[""1. Osseointegration"",""2. Peri-implant endosseous healing"",""3. Metabolic factors in osseointegration""]"
ap001-s084-v,ap001,ap001-s084,What is the clinical relevance of calcium-phosphate biomaterials and grafts in Prosthodontics?,advanced,Graft and coating choice is a daily prosthodontic decision rooted in calcium-phosphate science.. Ask: how does calcium-phosphate ceramics alter edentulous ridge?. Ask: how does bone graft categories alter edentulous ridge?.,Calcium-phosphate biomaterials and grafts: clinical correlation with edentulous ridge,"[""Graft and coating choice"",""Ask"",""Ask""]"
ap001-s089-v,ap001,ap001-s089,How would you apply maintenance of the prosthodontic patient when managing a Prosthodontics patient?,advanced,Recall for reline or rebase as the ridge resorbs. Monitor peri-implant bone radiographically. Counsel elderly denture wearers on calcium and vitamin D intake.,Maintenance of the prosthodontic patient,"[""Recall for reline or rebase as"",""Monitor peri-implant bone radiographically"",""Counsel elderly denture wearers on calcium""]"
ap001-s094-v,ap001,ap001-s094,What is the clinical relevance of emerging science in Prosthodontics?,advanced,Osteocyte signalling and anti-sclerostin therapy. Bioactive and ion-doped calcium-phosphate materials. Digital monitoring of ridge change with CBCT and intraoral scanning.,Emerging science,"[""Osteocyte signalling and anti-sclerostin therapy"",""Bioactive and ion-doped calcium-phosphate materials"",""Digital monitoring of ridge change with""]"
ap003-s003-v,ap003,ap003-s003,Define overview of shade selection and explain its significance.,basic,Overview of Shade Selection: accepted definition and scope. Terminology for overview of shade selection in Prosthodontics literature. How overview of shade selection differs from related concepts.,Overview of Shade Selection,"[""Overview of Shade Selection"",""Terminology for overview of shade selection"",""How overview of shade selection differs""]"
ap003-s005-v,ap003,ap003-s005,What is the clinical relevance of introduction and learning objectives in Prosthodontics?,basic,Links introduction and learning objectives to esthetics in Prosthodontics.. Ask: how does overview of shade selection alter esthetics?. Ask: how does learning objectives alter esthetics?.,Introduction and learning objectives: clinical correlation with esthetics,"[""Links introduction and learning objectives to"",""Ask"",""Ask""]"
ap003-s007-v,ap003,ap003-s007,What is the clinical relevance of evolution of concepts in Prosthodontics?,basic,Early descriptions of evolution of concepts. Milestones that shaped evolution of concepts. Where evolution of concepts stands today.,Evolution of concepts,"[""Early descriptions of evolution of concepts"",""Milestones that shaped evolution of concepts"",""Where evolution of concepts stands today""]"
ap003-s008-v,ap003,ap003-s008,What is the clinical relevance of landmark contributions in Prosthodontics?,basic,Early descriptions of landmark contributions. Milestones that shaped landmark contributions. Where landmark contributions stands today.,Landmark contributions,"[""Early descriptions of landmark contributions"",""Milestones that shaped landmark contributions"",""Where landmark contributions stands today""]"
ap003-s011-v,ap003,ap003-s011,Define definitions of shade selection and explain its significance.,basic,Definitions of Shade Selection: accepted definition and scope. Terminology for definitions of shade selection in Prosthodontics literature. How definitions of shade selection differs from related concepts.,Definitions of Shade Selection,"[""Definitions of Shade Selection"",""Terminology for definitions of shade selection"",""How definitions of shade selection differs""]"
ap003-s012-v,ap003,ap003-s012,Compare and contrast the key aspects of classification systems.,basic,Main categories within classification systems. Distinguishing features across classification systems. Why the classification systems distinctions matter clinically.,Classification systems,"[""Main categories within classification systems"",""Distinguishing features across classification systems"",""Why the classification systems distinctions matter""]"
ap003-s014-v,ap003,ap003-s014,What is the clinical relevance of relevant anatomy and histology in Prosthodontics?,basic,Clinical presentation of relevant anatomy and histology. Features to identify in relevant anatomy and histology. Relevance of relevant anatomy and histology to complete dentures.,Relevant anatomy and histology,"[""Clinical presentation of relevant anatomy and"",""Features to identify in relevant anatomy"",""Relevance of relevant anatomy and histology""]"
ap003-s015-v,ap003,ap003-s015,What is the clinical relevance of biological basis in Prosthodontics?,intermediate,Clinical presentation of biological basis. Features to identify in biological basis. Relevance of biological basis to biomaterials.,Biological basis,"[""Clinical presentation of biological basis"",""Features to identify in biological basis"",""Relevance of biological basis to biomaterials""]"
ap003-s018-v,ap003,ap003-s018,Explain the mechanism behind mechanism and pathophysiology.,intermediate,Biological basis of mechanism and pathophysiology. Sequence of events in mechanism and pathophysiology. Local and systemic factors modifying mechanism and pathophysiology.,Mechanism and pathophysiology,"[""Biological basis of mechanism and pathophysiology"",""Sequence of events in mechanism and"",""Local and systemic factors modifying mechanism""]"
ap003-s020-v,ap003,ap003-s020,What is the clinical relevance of principles of occlusion in Prosthodontics?,intermediate,Clinical presentation of principles of occlusion. Features to identify in principles of occlusion. Relevance of principles of occlusion to digital workflow.,Principles of occlusion,"[""Clinical presentation of principles of occlusion"",""Features to identify in principles of"",""Relevance of principles of occlusion to""]"
ap003-s021-v,ap003,ap003-s021,What is the clinical relevance of clinical considerations in occlusion in Prosthodontics?,intermediate,Clinical presentation of clinical considerations in occlusion. Features to identify in clinical considerations in occlusion. Relevance of clinical considerations in occlusion to implant prosthodontics.,Clinical considerations in occlusion,"[""Clinical presentation of clinical considerations in"",""Features to identify in clinical considerations"",""Relevance of clinical considerations in occlusion""]"
ap003-s023-v,ap003,ap003-s023,What is the clinical relevance of principles of complete dentures in Prosthodontics?,intermediate,Clinical presentation of principles of complete dentures. Features to identify in principles of complete dentures. Relevance of principles of complete dentures to edentulous ridge.,Principles of complete dentures,"[""Clinical presentation of principles of complete"",""Features to identify in principles of"",""Relevance of principles of complete dentures""]"
ap003-s026-v,ap003,ap003-s026,How would you apply clinical examination when managing a Prosthodontics patient?,intermediate,Indications and patient selection for clinical examination. Step-by-step approach to clinical examination. Common pitfalls in clinical examination.,Clinical examination,"[""Indications and patient selection for clinical"",""Step-by-step approach to clinical examination"",""Common pitfalls in clinical examination""]"
ap003-s027-v,ap003,ap003-s027,How would you apply investigations and imaging when managing a Prosthodontics patient?,advanced,Indications and patient selection for investigations and imaging. Step-by-step approach to investigations and imaging. Common pitfalls in investigations and imaging.,Investigations and imaging,"[""Indications and patient selection for investigations"",""Step-by-step approach to investigations and imaging"",""Common pitfalls in investigations and imaging""]"
ap003-s029-v,ap003,ap003-s029,How would you apply treatment planning when managing a Prosthodontics patient?,advanced,Indications and patient selection for treatment planning. Step-by-step approach to treatment planning. Common pitfalls in treatment planning.,Treatment planning,"[""Indications and patient selection for treatment"",""Step-by-step approach to treatment planning"",""Common pitfalls in treatment planning""]"
ap003-s030-v,ap003,ap003-s030,What is the clinical relevance of techniques and materials in Prosthodontics?,advanced,Clinical presentation of techniques and materials. Features to identify in techniques and materials. Relevance of techniques and materials to complete dentures.,Techniques and materials,"[""Clinical presentation of techniques and materials"",""Features to identify in techniques and"",""Relevance of techniques and materials to""]"
ap003-s033-v,ap003,ap003-s033,What is the clinical relevance of recent advances in Prosthodontics?,advanced,Clinical presentation of recent advances. Features to identify in recent advances. Relevance of recent advances to esthetics.,Recent advances,"[""Clinical presentation of recent advances"",""Features to identify in recent advances"",""Relevance of recent advances to esthetics""]"
ap003-s034-v,ap003,ap003-s034,What is the clinical relevance of evidence summary in Prosthodontics?,advanced,Prevalence data relevant to evidence summary. Trends in evidence summary over time. Reading evidence summary data clinically.,Evidence summary,"[""Prevalence data relevant to evidence summary"",""Trends in evidence summary over time"",""Reading evidence summary data clinically""]"
ap003-s036-v,ap003,ap003-s036,What is the clinical relevance of current debates in Prosthodontics?,advanced,Early descriptions of current debates. Milestones that shaped current debates. Where current debates stands today.,Current debates,"[""Early descriptions of current debates"",""Milestones that shaped current debates"",""Where current debates stands today""]"
ap003-s037-v,ap003,ap003-s037,What is the clinical relevance of emerging science in Prosthodontics?,advanced,Early descriptions of emerging science. Milestones that shaped emerging science. Where emerging science stands today.,Emerging science,"[""Early descriptions of emerging science"",""Milestones that shaped emerging science"",""Where emerging science stands today""]"
